,province_short,beds,geometry
0,AG,751.0,MULTIPOLYGON (((13.663438752935148 37.19338230...
1,AL,1460.0,"POLYGON ((8.408748511874723 44.70686568809358,..."
2,AN,1969.0,POLYGON ((13.422716165173247 43.62050399042972...
3,AO,444.0,"POLYGON ((7.734554907653768 45.92365152529369,..."
4,AP,471.0,POLYGON ((13.50521153822172 42.775569771884555...
